User_Name,Review_Title,Review,Rating
N.SATHISH,IPHONE 15 is good upgrade from 12.,1. Good display -,5
Ashish R.,Heating,Without use kiye hi phone heat hota rhta h Battery b kb ud jari kuch pta ni chl ra itna gnda experience rhe ga I phone ka to mein kbhi na leti.. am disappoint üò†üò°,1
sai chand,Heating Issue,Facing heating issues. Camera quality is not impressive. Device getting heated up too much for just 5 minutes of photo session.,1
Balwant Rathore,‡§Ü‡§á‡§´‡§º‡•ã‡§® ‡•ß‡•´,"camera quality very poor, performance ‡§á‡§∏ ‡§≤‡•ã",1
Renjit,Good,Going well,4
Naveen,Bad,Worst iphone I ever seen. I hate this phone . I,1
"Strongly  recommend don‚Äôt buy this, intolerable heating issues even after 17.1.1 updates, I have wasted money üò°",Totally waste,Heating issues even after 17.1.1 update,1
Shambhu Lal Verma,"Heating, Bad battery backup",iPhone 15 is getting heat in even 15 min of video calls.,1
Azhar Khan,Apple,Bhut hi khrab phone hai bhai koi mat lena,1
Alpana soren,It's works very well,It's a good product,5
"Pathetic item, worst quality not as shown in picture, laces are too thin , poor quality‚Äôs ",Worst experience,Worst,1
P.Rajesh,I switched from 13 to 15,I was using iPhone 13 and switching to 15 was a good choice I guess! The phone have  better camera than 13 as the lens are bigger with more megapixels also the Dynamic Island makes it more fun and engaging and the gaming experience is pretty smooth and amazing as it‚Äôs having iPhone 14 Pro Max chipset.,5
Lionel,Poor front cam quality,Poor front cam quality,1
vishnu prakash,Refurbished,Received a refurbished phone in the place of new phone,1
Bushan,Best for an average user.,"Go for this without a doubt instead of the 14 pro or previous ones. The camera is really the better one than all the previous versions. If you‚Äôre willing to give up on Always On Display, High Refresh Rates (iOS is optimised and you won‚Äôt feel any difference if you‚Äôve never used a phone with high refresh rates.) and a Macro Lens then this is the one. The feel in hand is also amazing, you wouldn‚Äôt know unless you‚Äôve held one. Type c is also a game-changer than all the previous versions.",5
Vinay Hegde,Battery health not good,"I bought this phone in Nov 2023. Within 3 months, battery maximum capacity reduced to 98%. I am really unhappy with the product.",1
 Jyothipallavi gandla ,Worst ! Worst !,Worst quality phone refresh rate is not good,1
Sanjay Gulati Musafir,Recommended,"Recommended for those who are obsessed with Apple products. I'm not. Bought it for my wife. She is happy, so am I.",5
Praveer janoria,15 review,Hey amazon I bought this new but it mke prblm hngg and some touch not work send me number so I exchanged this,1
RAM v.,Just hype,The device has heating issues has not much to offer when compared to its predecessors.,3
aswathy sathyan,Good product,Wonderful product with good features. Worth to buy.,4
Amazon Customer,Check the model number first,I had received i phone 15 which was refurbished instead of new one so be careful before ordering it r check before taking the delivery after taking the delivery it‚Äôs too difficult to get refund if u get also Amazon has started the park a part of amount in Amazon wallet in of full refund so guys be careful.,1
Aditya Kashyap,The picture Quality,"I really love the quality of the snaps , every ry single snaps from I phone 15 is just waawii",5
Piyali Das,Loved iPhone 15,I am an apple user since 2017. Ever since I have not looked back. It is getting even better day by day. And iPhone 15 has a lot of features which I always wished the previous would have. For example it comes with a C-type charging wire. So I wont get dissapointed when I ask a non - apple user for their charger. Also the night mode camera is love. The battery lasts whole day. Overall I loved it.,5
Saad Asad,Hiting problem in i phone 15 too much,Hitting problem when I am using 15 mintes. No no safe while usingi,1
naveen,Packaging and product,"Worst package from Amazon,  iPhone 15 has heating issue",1
Amruta Dwivedi,Good phone,I like it,5
RS REDDY,I dnt like this,Heating issue.. 15 min video recording.. full heating mobile..  some laaging issues..  25K android mobile is much better than this phone..  only buildup purpose u can use this..,2
Nishat,Worst experience,Don‚Äôt buy this device from here.,1
Arnab B.,Good buy,The temperature of the phone is getting higher after using it for mire than 15-20 mints. But the heat is not 'out of expectation' level. Good phone.,5
KK,Not charging within 15 days of buying,Not charging within 15 days of buying.,2
venkeswararao,Worst camera,"First time I have purchased iphone 15. Expected good camera, but it is too bad. Too much noice in photos in indoor lighting.",1
Jenni,Simply awesome go for it,,5
Amazon Customer,Not Functioning Properly,Just after the return period was over the phone started giving problems of over heating and abrupt hanging. Seems the seller has supplied a return piece.,1
Sanskar Sharma,Well it's better than 14 series have to give it thatl,The phone itself feels extremely lighter than the previous series and feels les venerable to falls the camera improvement are beyond nice..,4
Phone received in dead condition Amazon do not give any support ,Phone is not start,Phone is switched on,1
Amy,Almost perfect,Everything is better than my iPhone 12 except cell reception which is way worse here,4
Siva,Best iPhone of the year,"If you don‚Äôt like using big sized phone , go for it. One day battery life for above average use. Camera is good. Video is excellent, call reception is excellent, screen is really smooth ( if u have never used 120hz). Gaming is smooth although I won‚Äôt recommend for long and heavy gaming as it would drain the battery. Charging is quick. If you use 20WT APPLE power adapter then you would notice heat while charging. Then goes back normal after getting charged above 70%. In hand feel of the phone is really good. Base model itself feels more premium like pro models. Type c is really a good addition as it creates more functionality. Screen is really bright and visible even under direct sunlight. This is by far the best upgrade of base model iPhone in years. GO FOR IT!",5
Nice,Nice phone,Nice,5
Placeholder,transfer from android issue,I am trying to transfer data from android phone to iphone and following the instruction given but it is not complete and giving troubles.,1
Siddhesh Jaltare,HDFC debit card offer not working,When I try to place order through HDFC debit card in order summary it is not showing discount amount.I called customer service 2-3 times but they said they don't have any solution for this.If you don't know what is solution then why you are showing offer on your app ???,1
Anshuman Das,Bad purchase,iPhone 15 hangs even after the software update,1
Arshi khan,Got a brand new phone loved ir,Ordered iphone today. Loved the Amazon service. The model number started with an M and battery capacity was at 100%. Loved the color,5
rakesh babu,Very poor,Very poor,1
Lavibindal,Iphone Lover,"Amazing, we were looking for green color it's  like share ka fal metha Amazing we loved it. Good in everything quality, battery and picture quality as well. This is first iphone of our family. It is really amazing. Quality of pictures and premium look best thing of this phone",5
Anup,Hardware crash and poor after sales,The iPhone 15 hardware (mid system) failed after 2 weeks. I went to the service center they are repairing the phone from last 1 week but not replacing it with a new one.,1
Shubham s.,Best and must upgrade over older models,"Phone is overall a beast specially in terms of battery and camera it has improved a lot, display is also brighter compared to the old ones, a little upgrade in processor too and dynamic island is an add on to it which looks cool and will give you feel of a pro.There is nothing much difference between 60 and 120 hrtz considering the price because 60 hrtz of an iphone is much smoother than a android one.",5
divya,Nice,Like all other iPhones with few new features.,4
Sandy Cariappa,iPhone XR to iPhone 15,Just made the transition and here‚Äôs my POV on the first ~2 month of use,5
Anant Pokhariyal,Good phone But heating issues,Hi‚Ä¶ I ordered new IPhone and received it yesterday‚Ä¶ heating a lot ..while transferring files from old phone,4
Neelkant,Good phone,Phone is good. But Charging cable became faulty in few days only. Hope it will be replaced,3
dinesh,Nice,Like,4
Mohnish,Always Good,Amazing and Cute,5
Joey,First iphone and not up to the mark,"After using for two days, here's what I found out. First, Android is way better when it comes to selfies. I'm literally looking for Xiaomi 13 pro to drop and I'll just jump for it. Iphone 15 is good when it comes to back camera, which is just unparalleled, with it's spectacular details and original color retention. However, the selfie camera is much worse, it catches all the blemishes on your face and makes you look uglier. Sound quality is superb, without a doubt. Scrolling through the phone is a bit slow compared to other phones, because of the 60hz, but it's still bearable. Voice calling sound is good and clear. USB c is a good thing which at least allowed me to charge on a different charger because I didn't have Apple charger right away. The height of Iphone 15 and plus is funny because they have almost all the same thing just height is bigger for plus. Also, I paid 3k more on this platform because the next day the price dropped on Amazon. At the end of the day, iphone is good, but Android always wins, no matter what.",3
Adarsh,Great Upgrade,Good Camera,4
Amazon Customer,Excellent Product,This phone is good and quite seamless for multitasking and the camera quality and features is excellent.,5
anandhakrishnan,On Time delivery,Good and quality,5
Yasir Wahid,Great phone,"Finally switched to android after using Nokia 8 sirocco for almost 5 years when it gave up , switched to IOS , good phone. Worth buying.",5
tushar,It's an iPhone,Finally shifted from Android. It's a fact x feeling though kept my Android with me just in case needed something as slowly learning iOS .So far so good happy with the purchase. Now can flaunt I too have iphone :),5
Venkatesh,Good performance,Upgrading from iPhone 11 to 15. Good one full day battery from 85% to 30% for normal users without gaming.,5
abhishek pratap singh,Authentic Product,As usual good apple product,5
Prashant ,Too good,Too good,5
Bijoy Varghese,Phenomenal Upgrade,I upgraded from my old iPhone 11 and it‚Äôs been a very smooth experience using this device.,5
Pritesh Shah,Best Quality,An IPhone 15 in hand that too assembled in India is like a dream come TRUE....‚ò∫Ô∏è,5
Sumant Dubey,‚õ≥‚õ≥‚õ≥‚õ≥,Just wow,5
Amazon Customer,Great Phone,There is heating issue still there which not going to resolve yet officially,5
korada prudhvi,Enjoying iphone15,"Moved from android, display is impressive",5
Sagar,Best IPhone,Performance is great. Battery is too good and no heating issues except while charging which is common. Very light weight than previous iPhones and sound quality is superb,5
Sunil,Fast delivery,Good deal,5
‡º∫‡ºíRiki C.,üëç,Good quality n performance ?,5
Ashutosh Nayak,"Gud product except some lagging issue, some issues for used to large phone user","some lagging issue, some issues for used to large phone user",3
Pandian,Top Classy,As usual I am a fan of Apple. After 11 I upgraded to 15. Same day delivery I got on launch day. Very smooth vs 11.,5
Kindle Customer,Genuine product,,5
SANJOY RAJ KUJUR,Excellent,Excellent,5
Pankaj,Great product and fast delivery,,5
Robin Siby,"Has its pros, has its cons.","A decent premium smartphone, could've been a banger but cuts few of the most important things, hence lacking it's full potential.",3
Pradeep Kumar,Good supplier and received original best product,"Value for money, performance-üëç",5
JMK Lalwani,Value for MOney,value for money invested is not worth with minor cosmetic changes and very basic memory upgrade,3
Mukesh,WhatsApp chat a problem,I am sorry to write this but it is required to know that iPhone does not allow the WhatsApp chat history to transfer into it from Android. It is a sad part.,1
Jaya Suriya Jeya Sankar,Good,"Good product, the camera quality is too good.",4
HINDUSTAN ELECTRICALS,iPhone 15 A solid upgrade and value for money,Design,5
Hemant,Not Much Happy,"After Updating to iOS 17.1.2,I am facing android like feeling.in locked screen if am trying to open notification its unresponsive.seems like its hanged or what.Not expecting this from apple.",3
Nirin,Heating issues,"We are paying huge amount to buy iPhone but they are not coming up with innovative solutions control device heating, device heats up massively, sometimes I feels holding a nuclear plant in hand,",4
Placeholder,iPhone 15 A solid upgrade and value for money,"I am from Android(Samsung flagship phones)  background. Comparatively , Build quality is good, Camera are superb. Speed is good. Security is designed well.. So far things are working fine for me. But few simple feature are not available in IOs which is little frustrating.",1
Ajay Kr Chaturvedi,The BEST iPhone EVERRRRRRR! : iPhone 15 review after 2 weeks of continuous use,"The display is impressively bright, despite the 60 Hz, which I thought might be a drawback coming from a 120 Hz Android device. Surprisingly, it feels the same. The battery life is solid, providing around 1.5 days for mild phone users. As a developer, with light usage for content consumption and social media, I get around 8 hours of screen on time with 25-30% battery left. It charges quickly to 50% and then trickle charges to 100%, adapting to usage patterns for faster charging. Initially, there were some battery drain and heating issues, but they resolved as the phone learned my usage patterns.",5
Anand,facing Liquid detection popup whenever i charge,"facing Liquid detection popup whenever i charge, i brought this phone on Nov 4th, it was working fine for 2 weeks, later when i connect with charger i see popup that liquid is detected cannot charge your mobile, i waited for 12hrs and see the same error message, then i visited to Icare center 3 times still issue remains same. please support me how to claim this ?",1
Consumer's voice,The device I almost lost within a week.,"I had an interesting experience with the new model. The corners are noticeably curvier compared to the previous version, making the device sleeker. Unfortunately, the phone slipped out of my pant pocket while I was in an auto, and I only noticed after returning home. I quickly grabbed my iPad, locked my device, and used the ‚ÄòFind My‚Äô app to track down my phone. Thankfully, it ended up in the hands of someone who wasn‚Äôt very tech-savvy and couldn‚Äôt figure out how to turn it off using the key combination. This allowed me to successfully locate and retrieve my device. Overall, it was quite an adventure. Now I slapped a rubber case on it and it‚Äôs not going anywhere.",5
Premchandra,Unsatisfied with the Heating issue.,Overall it's okay except the heating issue. Device got automatically heated up after watching a video at high quality.I hope apple will fix it in upcoming updates.,4
Bittu,For all things,Good quality of photos and videos. Quality  of voice calling is good battery backup is good for normal phone user time over all my first this is my first I phone,4
Mo haleem,I like this phone,,4
